savivaldybe,rodiklis,metai,metai_menesis,menesis,nedarbas,vid_nedarbas
Akmenės r. sav.,Registruotas nedarbas  - bedarbių proc. nuo DAG,2024,202401,1,11.20,10.02
Akmenės r. sav.,Registruotas nedarbas  - bedarbių proc. nuo DAG,2024,202402,2,11.00,
Akmenės r. sav.,Registruotas nedarbas  - bedarbių proc. nuo DAG,2024,202403,3,10.90,
Akmenės r. sav.,Registruotas nedarbas  - bedarbių proc. nuo DAG,2024,202404,4,10.30,
Akmenės r. sav.,Registruotas nedarbas  - bedarbių proc. nuo DAG,2024,202405,5,9.70,
Akmenės r. sav.,Registruotas nedarbas  - bedarbių proc. nuo DAG,2024,202406,6,9.70,
Akmenės r. sav.,Registruotas nedarbas  - bedarbių proc. nuo DAG,2024,202407,7,9.80,
Akmenės r. sav.,Registruotas nedarbas  - bedarbių proc. nuo DAG,2024,202408,8,9.90,
Akmenės r. sav.,Registruotas nedarbas  - bedarbių proc. nuo DAG,2024,202409,9,9.50,
Akmenės r. sav.,Registruotas nedarbas  - bedarbių proc. nuo DAG,2024,202410,10,8.90,
Akmenės r. sav.,Registruotas nedarbas  - bedarbių proc. nuo DAG,2024,202411,11,9.30,
Akmenės r. sav.,Registruotas nedarbas  - bedarbių proc. nuo DAG,2024,202412,12,10.00,
Alytaus m. sav.,Registruotas nedarbas  - bedarbių proc. nuo DAG,2024,202401,1,10.20,9.32
Alytaus m. sav.,Registruotas nedarbas  - bedarbių proc. nuo DAG,2024,202402,2,10.20,
Alytaus m. sav.,Registruotas nedarbas  - bedarbių proc. nuo DAG,2024,202403,3,10.10,
Alytaus m. sav.,Registruotas nedarbas  - bedarbių proc. nuo DAG,2024,202404,4,9.10,
Alytaus m. sav.,Registruotas nedarbas  - bedarbių proc. nuo DAG,2024,202405,5,8.90,
Alytaus m. sav.,Registruotas nedarbas  - bedarbių proc. nuo DAG,2024,202406,6,9.30,
Alytaus m. sav.,Registruotas nedarbas  - bedarbių proc. nuo DAG,2024,202407,7,9.50,
Alytaus m. sav.,Registruotas nedarbas  - bedarbių proc. nuo DAG,2024,202408,8,9.40,
Alytaus m. sav.,Registruotas nedarbas  - bedarbių proc. nuo DAG,2024,202409,9,9.20,
Alytaus m. sav.,Registruotas nedarbas  - bedarbių proc. nuo DAG,2024,202410,10,8.50,
Alytaus m. sav.,Registruotas nedarbas  - bedarbių proc. nuo DAG,2024,202411,11,8.50,
Alytaus m. sav.,Registruotas nedarbas  - bedarbių proc. nuo DAG,2024,202412,12,8.90,
Alytaus r. sav.,Registruotas nedarbas  - bedarbių proc. nuo DAG,2024,202401,1,9.80,8.58
Alytaus r. sav.,Registruotas nedarbas  - bedarbių proc. nuo DAG,2024,202402,2,9.80,
Alytaus r. sav.,Registruotas nedarbas  - bedarbių proc. nuo DAG,2024,202403,3,9.50,
Alytaus r. sav.,Registruotas nedarbas  - bedarbių proc. nuo DAG,2024,202404,4,8.40,
Alytaus r. sav.,Registruotas nedarbas  - bedarbių proc. nuo DAG,2024,202405,5,8.00,
Alytaus r. sav.,Registruotas nedarbas  - bedarbių proc. nuo DAG,2024,202406,6,8.40,
Alytaus r. sav.,Registruotas nedarbas  - bedarbių proc. nuo DAG,2024,202407,7,8.40,
Alytaus r. sav.,Registruotas nedarbas  - bedarbių proc. nuo DAG,2024,202408,8,8.60,
Alytaus r. sav.,Registruotas nedarbas  - bedarbių proc. nuo DAG,2024,202409,9,8.30,
Alytaus r. sav.,Registruotas nedarbas  - bedarbių proc. nuo DAG,2024,202410,10,7.80,
Alytaus r. sav.,Registruotas nedarbas  - bedarbių proc. nuo DAG,2024,202411,11,7.80,
Alytaus r. sav.,Registruotas nedarbas  - bedarbių proc. nuo DAG,2024,202412,12,8.20,
Anykščių r. sav.,Registruotas nedarbas  - bedarbių proc. nuo DAG,2024,202401,1,11.00,10.47
Anykščių r. sav.,Registruotas nedarbas  - bedarbių proc. nuo DAG,2024,202402,2,11.10,
Anykščių r. sav.,Registruotas nedarbas  - bedarbių proc. nuo DAG,2024,202403,3,10.80,
Anykščių r. sav.,Registruotas nedarbas  - bedarbių proc. nuo DAG,2024,202404,4,10.20,
Anykščių r. sav.,Registruotas nedarbas  - bedarbių proc. nuo DAG,2024,202405,5,9.50,
Anykščių r. sav.,Registruotas nedarbas  - bedarbių proc. nuo DAG,2024,202406,6,10.10,
Anykščių r. sav.,Registruotas nedarbas  - bedarbių proc. nuo DAG,2024,202407,7,10.10,
Anykščių r. sav.,Registruotas nedarbas  - bedarbių proc. nuo DAG,2024,202408,8,10.60,
Anykščių r. sav.,Registruotas nedarbas  - bedarbių proc. nuo DAG,2024,202409,9,10.40,
Anykščių r. sav.,Registruotas nedarbas  - bedarbių proc. nuo DAG,2024,202410,10,10.00,
Anykščių r. sav.,Registruotas nedarbas  - bedarbių proc. nuo DAG,2024,202411,11,10.60,
Anykščių r. sav.,Registruotas nedarbas  - bedarbių proc. nuo DAG,2024,202412,12,11.20,
Birštono sav.,Registruotas nedarbas  - bedarbių proc. nuo DAG,2024,202401,1,7.10,6.16
Birštono sav.,Registruotas nedarbas  - bedarbių proc. nuo DAG,2024,202402,2,7.40,
Birštono sav.,Registruotas nedarbas  - bedarbių proc. nuo DAG,2024,202403,3,6.50,
Birštono sav.,Registruotas nedarbas  - bedarbių proc. nuo DAG,2024,202404,4,5.40,
Birštono sav.,Registruotas nedarbas  - bedarbių proc. nuo DAG,2024,202405,5,5.20,
Birštono sav.,Registruotas nedarbas  - bedarbių proc. nuo DAG,2024,202406,6,5.50,
Birštono sav.,Registruotas nedarbas  - bedarbių proc. nuo DAG,2024,202407,7,5.50,
Birštono sav.,Registruotas nedarbas  - bedarbių proc. nuo DAG,2024,202408,8,5.60,
Birštono sav.,Registruotas nedarbas  - bedarbių proc. nuo DAG,2024,202409,9,5.70,
Birštono sav.,Registruotas nedarbas  - bedarbių proc. nuo DAG,2024,202410,10,6.20,
Birštono sav.,Registruotas nedarbas  - bedarbių proc. nuo DAG,2024,202411,11,6.80,
Birštono sav.,Registruotas nedarbas  - bedarbių proc. nuo DAG,2024,202412,12,7.00,
Biržų r. sav.,Registruotas nedarbas  - bedarbių proc. nuo DAG,2024,202401,1,11.80,10.65
Biržų r. sav.,Registruotas nedarbas  - bedarbių proc. nuo DAG,2024,202402,2,11.40,
Biržų r. sav.,Registruotas nedarbas  - bedarbių proc. nuo DAG,2024,202403,3,11.40,
Biržų r. sav.,Registruotas nedarbas  - bedarbių proc. nuo DAG,2024,202404,4,10.30,
Biržų r. sav.,Registruotas nedarbas  - bedarbių proc. nuo DAG,2024,202405,5,9.90,
Biržų r. sav.,Registruotas nedarbas  - bedarbių proc. nuo DAG,2024,202406,6,9.90,
Biržų r. sav.,Registruotas nedarbas  - bedarbių proc. nuo DAG,2024,202407,7,10.00,
Biržų r. sav.,Registruotas nedarbas  - bedarbių proc. nuo DAG,2024,202408,8,10.40,
Biržų r. sav.,Registruotas nedarbas  - bedarbių proc. nuo DAG,2024,202409,9,10.20,
Biržų r. sav.,Registruotas nedarbas  - bedarbių proc. nuo DAG,2024,202410,10,10.20,
Biržų r. sav.,Registruotas nedarbas  - bedarbių proc. nuo DAG,2024,202411,11,10.90,
Biržų r. sav.,Registruotas nedarbas  - bedarbių proc. nuo DAG,2024,202412,12,11.40,
Druskininkų sav.,Registruotas nedarbas  - bedarbių proc. nuo DAG,2024,202401,1,9.00,7.83
Druskininkų sav.,Registruotas nedarbas  - bedarbių proc. nuo DAG,2024,202402,2,9.00,
Druskininkų sav.,Registruotas nedarbas  - bedarbių proc. nuo DAG,2024,202403,3,8.70,
Druskininkų sav.,Registruotas nedarbas  - bedarbių proc. nuo DAG,2024,202404,4,7.60,
Druskininkų sav.,Registruotas nedarbas  - bedarbių proc. nuo DAG,2024,202405,5,7.20,
Druskininkų sav.,Registruotas nedarbas  - bedarbių proc. nuo DAG,2024,202406,6,7.40,
Druskininkų sav.,Registruotas nedarbas  - bedarbių proc. nuo DAG,2024,202407,7,7.40,
Druskininkų sav.,Registruotas nedarbas  - bedarbių proc. nuo DAG,2024,202408,8,7.20,
Druskininkų sav.,Registruotas nedarbas  - bedarbių proc. nuo DAG,2024,202409,9,7.00,
Druskininkų sav.,Registruotas nedarbas  - bedarbių proc. nuo DAG,2024,202410,10,7.10,
Druskininkų sav.,Registruotas nedarbas  - bedarbių proc. nuo DAG,2024,202411,11,7.70,
Druskininkų sav.,Registruotas nedarbas  - bedarbių proc. nuo DAG,2024,202412,12,8.60,
Elektrėnų sav.,Registruotas nedarbas  - bedarbių proc. nuo DAG,2024,202401,1,8.00,7.24
Elektrėnų sav.,Registruotas nedarbas  - bedarbių proc. nuo DAG,2024,202402,2,7.90,
Elektrėnų sav.,Registruotas nedarbas  - bedarbių proc. nuo DAG,2024,202403,3,8.00,
Elektrėnų sav.,Registruotas nedarbas  - bedarbių proc. nuo DAG,2024,202404,4,7.00,
Elektrėnų sav.,Registruotas nedarbas  - bedarbių proc. nuo DAG,2024,202405,5,6.50,
Elektrėnų sav.,Registruotas nedarbas  - bedarbių proc. nuo DAG,2024,202406,6,7.30,
Elektrėnų sav.,Registruotas nedarbas  - bedarbių proc. nuo DAG,2024,202407,7,7.00,
Elektrėnų sav.,Registruotas nedarbas  - bedarbių proc. nuo DAG,2024,202408,8,7.40,
Elektrėnų sav.,Registruotas nedarbas  - bedarbių proc. nuo DAG,2024,202409,9,6.80,
Elektrėnų sav.,Registruotas nedarbas  - bedarbių proc. nuo DAG,2024,202410,10,6.70,
Elektrėnų sav.,Registruotas nedarbas  - bedarbių proc. nuo DAG,2024,202411,11,7.00,
Elektrėnų sav.,Registruotas nedarbas  - bedarbių proc. nuo DAG,2024,202412,12,7.30,
Ignalinos r. sav.,Registruotas nedarbas  - bedarbių proc. nuo DAG,2024,202401,1,13.40,12.48
Ignalinos r. sav.,Registruotas nedarbas  - bedarbių proc. nuo DAG,2024,202402,2,13.20,
Ignalinos r. sav.,Registruotas nedarbas  - bedarbių proc. nuo DAG,2024,202403,3,12.80,
Ignalinos r. sav.,Registruotas nedarbas  - bedarbių proc. nuo DAG,2024,202404,4,12.20,
Ignalinos r. sav.,Registruotas nedarbas  - bedarbių proc. nuo DAG,2024,202405,5,11.60,
Ignalinos r. sav.,Registruotas nedarbas  - bedarbių proc. nuo DAG,2024,202406,6,12.00,
Ignalinos r. sav.,Registruotas nedarbas  - bedarbių proc. nuo DAG,2024,202407,7,12.10,
Ignalinos r. sav.,Registruotas nedarbas  - bedarbių proc. nuo DAG,2024,202408,8,12.40,
Ignalinos r. sav.,Registruotas nedarbas  - bedarbių proc. nuo DAG,2024,202409,9,12.50,
Ignalinos r. sav.,Registruotas nedarbas  - bedarbių proc. nuo DAG,2024,202410,10,12.30,
Ignalinos r. sav.,Registruotas nedarbas  - bedarbių proc. nuo DAG,2024,202411,11,12.80,
Ignalinos r. sav.,Registruotas nedarbas  - bedarbių proc. nuo DAG,2024,202412,12,12.40,
Jonavos r. sav.,Registruotas nedarbas  - bedarbių proc. nuo DAG,2024,202401,1,11.30,10.80
Jonavos r. sav.,Registruotas nedarbas  - bedarbių proc. nuo DAG,2024,202402,2,11.30,
Jonavos r. sav.,Registruotas nedarbas  - bedarbių proc. nuo DAG,2024,202403,3,11.10,
Jonavos r. sav.,Registruotas nedarbas  - bedarbių proc. nuo DAG,2024,202404,4,10.80,
Jonavos r. sav.,Registruotas nedarbas  - bedarbių proc. nuo DAG,2024,202405,5,10.50,
Jonavos r. sav.,Registruotas nedarbas  - bedarbių proc. nuo DAG,2024,202406,6,10.80,
Jonavos r. sav.,Registruotas nedarbas  - bedarbių proc. nuo DAG,2024,202407,7,10.70,
Jonavos r. sav.,Registruotas nedarbas  - bedarbių proc. nuo DAG,2024,202408,8,11.10,
Jonavos r. sav.,Registruotas nedarbas  - bedarbių proc. nuo DAG,2024,202409,9,10.50,
Jonavos r. sav.,Registruotas nedarbas  - bedarbių proc. nuo DAG,2024,202410,10,10.10,
Jonavos r. sav.,Registruotas nedarbas  - bedarbių proc. nuo DAG,2024,202411,11,10.50,
Jonavos r. sav.,Registruotas nedarbas  - bedarbių proc. nuo DAG,2024,202412,12,10.90,
Joniškio r. sav.,Registruotas nedarbas  - bedarbių proc. nuo DAG,2024,202401,1,9.30,7.83
Joniškio r. sav.,Registruotas nedarbas  - bedarbių proc. nuo DAG,2024,202402,2,9.50,
Joniškio r. sav.,Registruotas nedarbas  - bedarbių proc. nuo DAG,2024,202403,3,9.00,
Joniškio r. sav.,Registruotas nedarbas  - bedarbių proc. nuo DAG,2024,202404,4,7.70,
Joniškio r. sav.,Registruotas nedarbas  - bedarbių proc. nuo DAG,2024,202405,5,6.90,
Joniškio r. sav.,Registruotas nedarbas  - bedarbių proc. nuo DAG,2024,202406,6,6.90,
Joniškio r. sav.,Registruotas nedarbas  - bedarbių proc. nuo DAG,2024,202407,7,6.60,
Joniškio r. sav.,Registruotas nedarbas  - bedarbių proc. nuo DAG,2024,202408,8,7.10,
Joniškio r. sav.,Registruotas nedarbas  - bedarbių proc. nuo DAG,2024,202409,9,7.20,
Joniškio r. sav.,Registruotas nedarbas  - bedarbių proc. nuo DAG,2024,202410,10,7.40,
Joniškio r. sav.,Registruotas nedarbas  - bedarbių proc. nuo DAG,2024,202411,11,7.80,
Joniškio r. sav.,Registruotas nedarbas  - bedarbių proc. nuo DAG,2024,202412,12,8.60,
Jurbarko r. sav.,Registruotas nedarbas  - bedarbių proc. nuo DAG,2024,202401,1,10.90,9.31
Jurbarko r. sav.,Registruotas nedarbas  - bedarbių proc. nuo DAG,2024,202402,2,10.60,
Jurbarko r. sav.,Registruotas nedarbas  - bedarbių proc. nuo DAG,2024,202403,3,10.70,
Jurbarko r. sav.,Registruotas nedarbas  - bedarbių proc. nuo DAG,2024,202404,4,9.50,
Jurbarko r. sav.,Registruotas nedarbas  - bedarbių proc. nuo DAG,2024,202405,5,8.50,
Jurbarko r. sav.,Registruotas nedarbas  - bedarbių proc. nuo DAG,2024,202406,6,9.00,
Jurbarko r. sav.,Registruotas nedarbas  - bedarbių proc. nuo DAG,2024,202407,7,8.90,
Jurbarko r. sav.,Registruotas nedarbas  - bedarbių proc. nuo DAG,2024,202408,8,9.20,
Jurbarko r. sav.,Registruotas nedarbas  - bedarbių proc. nuo DAG,2024,202409,9,8.60,
Jurbarko r. sav.,Registruotas nedarbas  - bedarbių proc. nuo DAG,2024,202410,10,8.10,
Jurbarko r. sav.,Registruotas nedarbas  - bedarbių proc. nuo DAG,2024,202411,11,8.70,
Jurbarko r. sav.,Registruotas nedarbas  - bedarbių proc. nuo DAG,2024,202412,12,9.00,
Kaišiadorių r. sav.,Registruotas nedarbas  - bedarbių proc. nuo DAG,2024,202401,1,7.90,7.88
Kaišiadorių r. sav.,Registruotas nedarbas  - bedarbių proc. nuo DAG,2024,202402,2,8.00,
Kaišiadorių r. sav.,Registruotas nedarbas  - bedarbių proc. nuo DAG,2024,202403,3,8.10,
Kaišiadorių r. sav.,Registruotas nedarbas  - bedarbių proc. nuo DAG,2024,202404,4,7.30,
Kaišiadorių r. sav.,Registruotas nedarbas  - bedarbių proc. nuo DAG,2024,202405,5,7.60,
Kaišiadorių r. sav.,Registruotas nedarbas  - bedarbių proc. nuo DAG,2024,202406,6,7.90,
Kaišiadorių r. sav.,Registruotas nedarbas  - bedarbių proc. nuo DAG,2024,202407,7,8.00,
Kaišiadorių r. sav.,Registruotas nedarbas  - bedarbių proc. nuo DAG,2024,202408,8,8.20,
Kaišiadorių r. sav.,Registruotas nedarbas  - bedarbių proc. nuo DAG,2024,202409,9,8.00,
Kaišiadorių r. sav.,Registruotas nedarbas  - bedarbių proc. nuo DAG,2024,202410,10,7.60,
Kaišiadorių r. sav.,Registruotas nedarbas  - bedarbių proc. nuo DAG,2024,202411,11,7.80,
Kaišiadorių r. sav.,Registruotas nedarbas  - bedarbių proc. nuo DAG,2024,202412,12,8.10,
Kalvarijos sav.,Registruotas nedarbas  - bedarbių proc. nuo DAG,2024,202401,1,13.80,12.49
Kalvarijos sav.,Registruotas nedarbas  - bedarbių proc. nuo DAG,2024,202402,2,13.90,
Kalvarijos sav.,Registruotas nedarbas  - bedarbių proc. nuo DAG,2024,202403,3,14.50,
Kalvarijos sav.,Registruotas nedarbas  - bedarbių proc. nuo DAG,2024,202404,4,12.90,
Kalvarijos sav.,Registruotas nedarbas  - bedarbių proc. nuo DAG,2024,202405,5,12.40,
Kalvarijos sav.,Registruotas nedarbas  - bedarbių proc. nuo DAG,2024,202406,6,12.90,
Kalvarijos sav.,Registruotas nedarbas  - bedarbių proc. nuo DAG,2024,202407,7,12.50,
Kalvarijos sav.,Registruotas nedarbas  - bedarbių proc. nuo DAG,2024,202408,8,12.80,
Kalvarijos sav.,Registruotas nedarbas  - bedarbių proc. nuo DAG,2024,202409,9,11.50,
Kalvarijos sav.,Registruotas nedarbas  - bedarbių proc. nuo DAG,2024,202410,10,10.50,
Kalvarijos sav.,Registruotas nedarbas  - bedarbių proc. nuo DAG,2024,202411,11,11.20,
Kalvarijos sav.,Registruotas nedarbas  - bedarbių proc. nuo DAG,2024,202412,12,11.00,
Kauno m. sav.,Registruotas nedarbas  - bedarbių proc. nuo DAG,2024,202401,1,9.70,9.69
Kauno m. sav.,Registruotas nedarbas  - bedarbių proc. nuo DAG,2024,202402,2,9.60,
Kauno m. sav.,Registruotas nedarbas  - bedarbių proc. nuo DAG,2024,202403,3,9.80,
Kauno m. sav.,Registruotas nedarbas  - bedarbių proc. nuo DAG,2024,202404,4,9.30,
Kauno m. sav.,Registruotas nedarbas  - bedarbių proc. nuo DAG,2024,202405,5,9.10,
Kauno m. sav.,Registruotas nedarbas  - bedarbių proc. nuo DAG,2024,202406,6,9.60,
Kauno m. sav.,Registruotas nedarbas  - bedarbių proc. nuo DAG,2024,202407,7,10.00,
Kauno m. sav.,Registruotas nedarbas  - bedarbių proc. nuo DAG,2024,202408,8,10.20,
Kauno m. sav.,Registruotas nedarbas  - bedarbių proc. nuo DAG,2024,202409,9,9.90,
Kauno m. sav.,Registruotas nedarbas  - bedarbių proc. nuo DAG,2024,202410,10,9.60,
Kauno m. sav.,Registruotas nedarbas  - bedarbių proc. nuo DAG,2024,202411,11,9.70,
Kauno m. sav.,Registruotas nedarbas  - bedarbių proc. nuo DAG,2024,202412,12,9.80,
Kauno r. sav.,Registruotas nedarbas  - bedarbių proc. nuo DAG,2024,202401,1,9.50,8.71
Kauno r. sav.,Registruotas nedarbas  - bedarbių proc. nuo DAG,2024,202402,2,9.40,
Kauno r. sav.,Registruotas nedarbas  - bedarbių proc. nuo DAG,2024,202403,3,9.40,
Kauno r. sav.,Registruotas nedarbas  - bedarbių proc. nuo DAG,2024,202404,4,8.80,
Kauno r. sav.,Registruotas nedarbas  - bedarbių proc. nuo DAG,2024,202405,5,8.10,
Kauno r. sav.,Registruotas nedarbas  - bedarbių proc. nuo DAG,2024,202406,6,8.50,
Kauno r. sav.,Registruotas nedarbas  - bedarbių proc. nuo DAG,2024,202407,7,8.60,
Kauno r. sav.,Registruotas nedarbas  - bedarbių proc. nuo DAG,2024,202408,8,8.70,
Kauno r. sav.,Registruotas nedarbas  - bedarbių proc. nuo DAG,2024,202409,9,8.40,
Kauno r. sav.,Registruotas nedarbas  - bedarbių proc. nuo DAG,2024,202410,10,8.20,
Kauno r. sav.,Registruotas nedarbas  - bedarbių proc. nuo DAG,2024,202411,11,8.40,
Kauno r. sav.,Registruotas nedarbas  - bedarbių proc. nuo DAG,2024,202412,12,8.50,
Kazlų Rūdos sav.,Registruotas nedarbas  - bedarbių proc. nuo DAG,2024,202401,1,11.50,10.87
Kazlų Rūdos sav.,Registruotas nedarbas  - bedarbių proc. nuo DAG,2024,202402,2,11.30,
Kazlų Rūdos sav.,Registruotas nedarbas  - bedarbių proc. nuo DAG,2024,202403,3,11.50,
Kazlų Rūdos sav.,Registruotas nedarbas  - bedarbių proc. nuo DAG,2024,202404,4,10.70,
Kazlų Rūdos sav.,Registruotas nedarbas  - bedarbių proc. nuo DAG,2024,202405,5,10.40,
Kazlų Rūdos sav.,Registruotas nedarbas  - bedarbių proc. nuo DAG,2024,202406,6,10.50,
Kazlų Rūdos sav.,Registruotas nedarbas  - bedarbių proc. nuo DAG,2024,202407,7,10.70,
Kazlų Rūdos sav.,Registruotas nedarbas  - bedarbių proc. nuo DAG,2024,202408,8,11.10,
Kazlų Rūdos sav.,Registruotas nedarbas  - bedarbių proc. nuo DAG,2024,202409,9,11.00,
Kazlų Rūdos sav.,Registruotas nedarbas  - bedarbių proc. nuo DAG,2024,202410,10,10.20,
Kazlų Rūdos sav.,Registruotas nedarbas  - bedarbių proc. nuo DAG,2024,202411,11,10.80,
Kazlų Rūdos sav.,Registruotas nedarbas  - bedarbių proc. nuo DAG,2024,202412,12,10.70,
Kėdainių r. sav.,Registruotas nedarbas  - bedarbių proc. nuo DAG,2024,202401,1,10.40,9.03
Kėdainių r. sav.,Registruotas nedarbas  - bedarbių proc. nuo DAG,2024,202402,2,10.40,
Kėdainių r. sav.,Registruotas nedarbas  - bedarbių proc. nuo DAG,2024,202403,3,10.20,
Kėdainių r. sav.,Registruotas nedarbas  - bedarbių proc. nuo DAG,2024,202404,4,9.30,
Kėdainių r. sav.,Registruotas nedarbas  - bedarbių proc. nuo DAG,2024,202405,5,8.60,
Kėdainių r. sav.,Registruotas nedarbas  - bedarbių proc. nuo DAG,2024,202406,6,8.60,
Kėdainių r. sav.,Registruotas nedarbas  - bedarbių proc. nuo DAG,2024,202407,7,8.50,
Kėdainių r. sav.,Registruotas nedarbas  - bedarbių proc. nuo DAG,2024,202408,8,8.50,
Kėdainių r. sav.,Registruotas nedarbas  - bedarbių proc. nuo DAG,2024,202409,9,8.20,
Kėdainių r. sav.,Registruotas nedarbas  - bedarbių proc. nuo DAG,2024,202410,10,8.20,
Kėdainių r. sav.,Registruotas nedarbas  - bedarbių proc. nuo DAG,2024,202411,11,8.50,
Kėdainių r. sav.,Registruotas nedarbas  - bedarbių proc. nuo DAG,2024,202412,12,9.00,
Kelmės r. sav.,Registruotas nedarbas  - bedarbių proc. nuo DAG,2024,202401,1,11.90,10.94
Kelmės r. sav.,Registruotas nedarbas  - bedarbių proc. nuo DAG,2024,202402,2,11.80,
Kelmės r. sav.,Registruotas nedarbas  - bedarbių proc. nuo DAG,2024,202403,3,11.60,
Kelmės r. sav.,Registruotas nedarbas  - bedarbių proc. nuo DAG,2024,202404,4,10.40,
Kelmės r. sav.,Registruotas nedarbas  - bedarbių proc. nuo DAG,2024,202405,5,10.20,
Kelmės r. sav.,Registruotas nedarbas  - bedarbių proc. nuo DAG,2024,202406,6,10.60,
Kelmės r. sav.,Registruotas nedarbas  - bedarbių proc. nuo DAG,2024,202407,7,10.50,
Kelmės r. sav.,Registruotas nedarbas  - bedarbių proc. nuo DAG,2024,202408,8,10.90,
Kelmės r. sav.,Registruotas nedarbas  - bedarbių proc. nuo DAG,2024,202409,9,10.80,
Kelmės r. sav.,Registruotas nedarbas  - bedarbių proc. nuo DAG,2024,202410,10,10.40,
Kelmės r. sav.,Registruotas nedarbas  - bedarbių proc. nuo DAG,2024,202411,11,10.80,
Kelmės r. sav.,Registruotas nedarbas  - bedarbių proc. nuo DAG,2024,202412,12,11.40,
Klaipėdos m. sav.,Registruotas nedarbas  - bedarbių proc. nuo DAG,2024,202401,1,9.00,8.50
Klaipėdos m. sav.,Registruotas nedarbas  - bedarbių proc. nuo DAG,2024,202402,2,9.10,
Klaipėdos m. sav.,Registruotas nedarbas  - bedarbių proc. nuo DAG,2024,202403,3,9.00,
Klaipėdos m. sav.,Registruotas nedarbas  - bedarbių proc. nuo DAG,2024,202404,4,8.50,
Klaipėdos m. sav.,Registruotas nedarbas  - bedarbių proc. nuo DAG,2024,202405,5,7.90,
Klaipėdos m. sav.,Registruotas nedarbas  - bedarbių proc. nuo DAG,2024,202406,6,8.10,
Klaipėdos m. sav.,Registruotas nedarbas  - bedarbių proc. nuo DAG,2024,202407,7,8.40,
Klaipėdos m. sav.,Registruotas nedarbas  - bedarbių proc. nuo DAG,2024,202408,8,8.40,
Klaipėdos m. sav.,Registruotas nedarbas  - bedarbių proc. nuo DAG,2024,202409,9,8.30,
Klaipėdos m. sav.,Registruotas nedarbas  - bedarbių proc. nuo DAG,2024,202410,10,8.30,
Klaipėdos m. sav.,Registruotas nedarbas  - bedarbių proc. nuo DAG,2024,202411,11,8.30,
Klaipėdos m. sav.,Registruotas nedarbas  - bedarbių proc. nuo DAG,2024,202412,12,8.70,
Klaipėdos r. sav.,Registruotas nedarbas  - bedarbių proc. nuo DAG,2024,202401,1,6.10,6.20
Klaipėdos r. sav.,Registruotas nedarbas  - bedarbių proc. nuo DAG,2024,202402,2,6.20,
Klaipėdos r. sav.,Registruotas nedarbas  - bedarbių proc. nuo DAG,2024,202403,3,6.20,
Klaipėdos r. sav.,Registruotas nedarbas  - bedarbių proc. nuo DAG,2024,202404,4,5.90,
Klaipėdos r. sav.,Registruotas nedarbas  - bedarbių proc. nuo DAG,2024,202405,5,5.60,
Klaipėdos r. sav.,Registruotas nedarbas  - bedarbių proc. nuo DAG,2024,202406,6,5.80,
Klaipėdos r. sav.,Registruotas nedarbas  - bedarbių proc. nuo DAG,2024,202407,7,6.00,
Klaipėdos r. sav.,Registruotas nedarbas  - bedarbių proc. nuo DAG,2024,202408,8,6.30,
Klaipėdos r. sav.,Registruotas nedarbas  - bedarbių proc. nuo DAG,2024,202409,9,6.40,
Klaipėdos r. sav.,Registruotas nedarbas  - bedarbių proc. nuo DAG,2024,202410,10,6.40,
Klaipėdos r. sav.,Registruotas nedarbas  - bedarbių proc. nuo DAG,2024,202411,11,6.60,
Klaipėdos r. sav.,Registruotas nedarbas  - bedarbių proc. nuo DAG,2024,202412,12,6.90,
Kretingos r. sav.,Registruotas nedarbas  - bedarbių proc. nuo DAG,2024,202401,1,7.90,7.54
Kretingos r. sav.,Registruotas nedarbas  - bedarbių proc. nuo DAG,2024,202402,2,8.10,
Kretingos r. sav.,Registruotas nedarbas  - bedarbių proc. nuo DAG,2024,202403,3,7.90,
Kretingos r. sav.,Registruotas nedarbas  - bedarbių proc. nuo DAG,2024,202404,4,7.20,
Kretingos r. sav.,Registruotas nedarbas  - bedarbių proc. nuo DAG,2024,202405,5,6.50,
Kretingos r. sav.,Registruotas nedarbas  - bedarbių proc. nuo DAG,2024,202406,6,6.50,
Kretingos r. sav.,Registruotas nedarbas  - bedarbių proc. nuo DAG,2024,202407,7,6.70,
Kretingos r. sav.,Registruotas nedarbas  - bedarbių proc. nuo DAG,2024,202408,8,6.90,
Kretingos r. sav.,Registruotas nedarbas  - bedarbių proc. nuo DAG,2024,202409,9,7.60,
Kretingos r. sav.,Registruotas nedarbas  - bedarbių proc. nuo DAG,2024,202410,10,8.00,
Kretingos r. sav.,Registruotas nedarbas  - bedarbių proc. nuo DAG,2024,202411,11,8.40,
Kretingos r. sav.,Registruotas nedarbas  - bedarbių proc. nuo DAG,2024,202412,12,8.80,
Kupiškio r. sav.,Registruotas nedarbas  - bedarbių proc. nuo DAG,2024,202401,1,9.50,8.68
Kupiškio r. sav.,Registruotas nedarbas  - bedarbių proc. nuo DAG,2024,202402,2,9.60,
Kupiškio r. sav.,Registruotas nedarbas  - bedarbių proc. nuo DAG,2024,202403,3,9.20,
Kupiškio r. sav.,Registruotas nedarbas  - bedarbių proc. nuo DAG,2024,202404,4,8.20,
Kupiškio r. sav.,Registruotas nedarbas  - bedarbių proc. nuo DAG,2024,202405,5,7.60,
Kupiškio r. sav.,Registruotas nedarbas  - bedarbių proc. nuo DAG,2024,202406,6,8.20,
Kupiškio r. sav.,Registruotas nedarbas  - bedarbių proc. nuo DAG,2024,202407,7,8.20,
Kupiškio r. sav.,Registruotas nedarbas  - bedarbių proc. nuo DAG,2024,202408,8,8.40,
Kupiškio r. sav.,Registruotas nedarbas  - bedarbių proc. nuo DAG,2024,202409,9,8.60,
Kupiškio r. sav.,Registruotas nedarbas  - bedarbių proc. nuo DAG,2024,202410,10,8.30,
Kupiškio r. sav.,Registruotas nedarbas  - bedarbių proc. nuo DAG,2024,202411,11,8.80,
Kupiškio r. sav.,Registruotas nedarbas  - bedarbių proc. nuo DAG,2024,202412,12,9.50,
Lazdijų r. sav.,Registruotas nedarbas  - bedarbių proc. nuo DAG,2024,202401,1,10.00,10.29
Lazdijų r. sav.,Registruotas nedarbas  - bedarbių proc. nuo DAG,2024,202402,2,9.80,
Lazdijų r. sav.,Registruotas nedarbas  - bedarbių proc. nuo DAG,2024,202403,3,9.70,
Lazdijų r. sav.,Registruotas nedarbas  - bedarbių proc. nuo DAG,2024,202404,4,9.50,
Lazdijų r. sav.,Registruotas nedarbas  - bedarbių proc. nuo DAG,2024,202405,5,9.70,
Lazdijų r. sav.,Registruotas nedarbas  - bedarbių proc. nuo DAG,2024,202406,6,10.30,
Lazdijų r. sav.,Registruotas nedarbas  - bedarbių proc. nuo DAG,2024,202407,7,10.80,
Lazdijų r. sav.,Registruotas nedarbas  - bedarbių proc. nuo DAG,2024,202408,8,11.20,
Lazdijų r. sav.,Registruotas nedarbas  - bedarbių proc. nuo DAG,2024,202409,9,10.80,
Lazdijų r. sav.,Registruotas nedarbas  - bedarbių proc. nuo DAG,2024,202410,10,10.20,
Lazdijų r. sav.,Registruotas nedarbas  - bedarbių proc. nuo DAG,2024,202411,11,10.50,
Lazdijų r. sav.,Registruotas nedarbas  - bedarbių proc. nuo DAG,2024,202412,12,11.00,
Marijampolės sav.,Registruotas nedarbas  - bedarbių proc. nuo DAG,2024,202401,1,8.80,8.72
Marijampolės sav.,Registruotas nedarbas  - bedarbių proc. nuo DAG,2024,202402,2,8.70,
Marijampolės sav.,Registruotas nedarbas  - bedarbių proc. nuo DAG,2024,202403,3,9.30,
Marijampolės sav.,Registruotas nedarbas  - bedarbių proc. nuo DAG,2024,202404,4,8.20,
Marijampolės sav.,Registruotas nedarbas  - bedarbių proc. nuo DAG,2024,202405,5,8.10,
Marijampolės sav.,Registruotas nedarbas  - bedarbių proc. nuo DAG,2024,202406,6,8.90,
Marijampolės sav.,Registruotas nedarbas  - bedarbių proc. nuo DAG,2024,202407,7,8.80,
Marijampolės sav.,Registruotas nedarbas  - bedarbių proc. nuo DAG,2024,202408,8,9.30,
Marijampolės sav.,Registruotas nedarbas  - bedarbių proc. nuo DAG,2024,202409,9,8.80,
Marijampolės sav.,Registruotas nedarbas  - bedarbių proc. nuo DAG,2024,202410,10,8.20,
Marijampolės sav.,Registruotas nedarbas  - bedarbių proc. nuo DAG,2024,202411,11,8.60,
Marijampolės sav.,Registruotas nedarbas  - bedarbių proc. nuo DAG,2024,202412,12,8.90,
Mažeikių r. sav.,Registruotas nedarbas  - bedarbių proc. nuo DAG,2024,202401,1,10.30,9.67
Mažeikių r. sav.,Registruotas nedarbas  - bedarbių proc. nuo DAG,2024,202402,2,10.30,
Mažeikių r. sav.,Registruotas nedarbas  - bedarbių proc. nuo DAG,2024,202403,3,10.00,
Mažeikių r. sav.,Registruotas nedarbas  - bedarbių proc. nuo DAG,2024,202404,4,9.70,
Mažeikių r. sav.,Registruotas nedarbas  - bedarbių proc. nuo DAG,2024,202405,5,9.20,
Mažeikių r. sav.,Registruotas nedarbas  - bedarbių proc. nuo DAG,2024,202406,6,9.20,
Mažeikių r. sav.,Registruotas nedarbas  - bedarbių proc. nuo DAG,2024,202407,7,9.60,
Mažeikių r. sav.,Registruotas nedarbas  - bedarbių proc. nuo DAG,2024,202408,8,9.70,
Mažeikių r. sav.,Registruotas nedarbas  - bedarbių proc. nuo DAG,2024,202409,9,9.40,
Mažeikių r. sav.,Registruotas nedarbas  - bedarbių proc. nuo DAG,2024,202410,10,9.30,
Mažeikių r. sav.,Registruotas nedarbas  - bedarbių proc. nuo DAG,2024,202411,11,9.40,
Mažeikių r. sav.,Registruotas nedarbas  - bedarbių proc. nuo DAG,2024,202412,12,9.90,
Molėtų r. sav.,Registruotas nedarbas  - bedarbių proc. nuo DAG,2024,202401,1,9.10,7.86
Molėtų r. sav.,Registruotas nedarbas  - bedarbių proc. nuo DAG,2024,202402,2,8.90,
Molėtų r. sav.,Registruotas nedarbas  - bedarbių proc. nuo DAG,2024,202403,3,8.60,
Molėtų r. sav.,Registruotas nedarbas  - bedarbių proc. nuo DAG,2024,202404,4,7.00,
Molėtų r. sav.,Registruotas nedarbas  - bedarbių proc. nuo DAG,2024,202405,5,6.10,
Molėtų r. sav.,Registruotas nedarbas  - bedarbių proc. nuo DAG,2024,202406,6,6.90,
Molėtų r. sav.,Registruotas nedarbas  - bedarbių proc. nuo DAG,2024,202407,7,6.60,
Molėtų r. sav.,Registruotas nedarbas  - bedarbių proc. nuo DAG,2024,202408,8,7.50,
Molėtų r. sav.,Registruotas nedarbas  - bedarbių proc. nuo DAG,2024,202409,9,8.40,
Molėtų r. sav.,Registruotas nedarbas  - bedarbių proc. nuo DAG,2024,202410,10,7.80,
Molėtų r. sav.,Registruotas nedarbas  - bedarbių proc. nuo DAG,2024,202411,11,8.60,
Molėtų r. sav.,Registruotas nedarbas  - bedarbių proc. nuo DAG,2024,202412,12,8.80,
Neringos sav.,Registruotas nedarbas  - bedarbių proc. nuo DAG,2024,202401,1,3.80,3.18
Neringos sav.,Registruotas nedarbas  - bedarbių proc. nuo DAG,2024,202402,2,4.20,
Neringos sav.,Registruotas nedarbas  - bedarbių proc. nuo DAG,2024,202403,3,4.10,
Neringos sav.,Registruotas nedarbas  - bedarbių proc. nuo DAG,2024,202404,4,3.80,
Neringos sav.,Registruotas nedarbas  - bedarbių proc. nuo DAG,2024,202405,5,2.30,
Neringos sav.,Registruotas nedarbas  - bedarbių proc. nuo DAG,2024,202406,6,1.80,
Neringos sav.,Registruotas nedarbas  - bedarbių proc. nuo DAG,2024,202407,7,2.10,
Neringos sav.,Registruotas nedarbas  - bedarbių proc. nuo DAG,2024,202408,8,2.10,
Neringos sav.,Registruotas nedarbas  - bedarbių proc. nuo DAG,2024,202409,9,2.70,
Neringos sav.,Registruotas nedarbas  - bedarbių proc. nuo DAG,2024,202410,10,3.60,
Neringos sav.,Registruotas nedarbas  - bedarbių proc. nuo DAG,2024,202411,11,3.90,
Neringos sav.,Registruotas nedarbas  - bedarbių proc. nuo DAG,2024,202412,12,3.80,
Pagėgių sav.,Registruotas nedarbas  - bedarbių proc. nuo DAG,2024,202401,1,10.20,9.18
Pagėgių sav.,Registruotas nedarbas  - bedarbių proc. nuo DAG,2024,202402,2,10.40,
Pagėgių sav.,Registruotas nedarbas  - bedarbių proc. nuo DAG,2024,202403,3,10.10,
Pagėgių sav.,Registruotas nedarbas  - bedarbių proc. nuo DAG,2024,202404,4,9.20,
Pagėgių sav.,Registruotas nedarbas  - bedarbių proc. nuo DAG,2024,202405,5,8.70,
Pagėgių sav.,Registruotas nedarbas  - bedarbių proc. nuo DAG,2024,202406,6,8.30,
Pagėgių sav.,Registruotas nedarbas  - bedarbių proc. nuo DAG,2024,202407,7,8.20,
Pagėgių sav.,Registruotas nedarbas  - bedarbių proc. nuo DAG,2024,202408,8,8.70,
Pagėgių sav.,Registruotas nedarbas  - bedarbių proc. nuo DAG,2024,202409,9,8.80,
Pagėgių sav.,Registruotas nedarbas  - bedarbių proc. nuo DAG,2024,202410,10,9.30,
Pagėgių sav.,Registruotas nedarbas  - bedarbių proc. nuo DAG,2024,202411,11,8.90,
Pagėgių sav.,Registruotas nedarbas  - bedarbių proc. nuo DAG,2024,202412,12,9.30,
Pakruojo r. sav.,Registruotas nedarbas  - bedarbių proc. nuo DAG,2024,202401,1,10.70,9.03
Pakruojo r. sav.,Registruotas nedarbas  - bedarbių proc. nuo DAG,2024,202402,2,10.70,
Pakruojo r. sav.,Registruotas nedarbas  - bedarbių proc. nuo DAG,2024,202403,3,10.20,
Pakruojo r. sav.,Registruotas nedarbas  - bedarbių proc. nuo DAG,2024,202404,4,8.80,
Pakruojo r. sav.,Registruotas nedarbas  - bedarbių proc. nuo DAG,2024,202405,5,8.30,
Pakruojo r. sav.,Registruotas nedarbas  - bedarbių proc. nuo DAG,2024,202406,6,8.80,
Pakruojo r. sav.,Registruotas nedarbas  - bedarbių proc. nuo DAG,2024,202407,7,8.30,
Pakruojo r. sav.,Registruotas nedarbas  - bedarbių proc. nuo DAG,2024,202408,8,8.40,
Pakruojo r. sav.,Registruotas nedarbas  - bedarbių proc. nuo DAG,2024,202409,9,8.00,
Pakruojo r. sav.,Registruotas nedarbas  - bedarbių proc. nuo DAG,2024,202410,10,8.00,
Pakruojo r. sav.,Registruotas nedarbas  - bedarbių proc. nuo DAG,2024,202411,11,8.80,
Pakruojo r. sav.,Registruotas nedarbas  - bedarbių proc. nuo DAG,2024,202412,12,9.40,
Palangos m. sav.,Registruotas nedarbas  - bedarbių proc. nuo DAG,2024,202401,1,9.10,7.83
Palangos m. sav.,Registruotas nedarbas  - bedarbių proc. nuo DAG,2024,202402,2,8.80,
Palangos m. sav.,Registruotas nedarbas  - bedarbių proc. nuo DAG,2024,202403,3,9.00,
Palangos m. sav.,Registruotas nedarbas  - bedarbių proc. nuo DAG,2024,202404,4,8.00,
Palangos m. sav.,Registruotas nedarbas  - bedarbių proc. nuo DAG,2024,202405,5,6.60,
Palangos m. sav.,Registruotas nedarbas  - bedarbių proc. nuo DAG,2024,202406,6,6.10,
Palangos m. sav.,Registruotas nedarbas  - bedarbių proc. nuo DAG,2024,202407,7,5.90,
Palangos m. sav.,Registruotas nedarbas  - bedarbių proc. nuo DAG,2024,202408,8,6.30,
Palangos m. sav.,Registruotas nedarbas  - bedarbių proc. nuo DAG,2024,202409,9,7.80,
Palangos m. sav.,Registruotas nedarbas  - bedarbių proc. nuo DAG,2024,202410,10,8.30,
Palangos m. sav.,Registruotas nedarbas  - bedarbių proc. nuo DAG,2024,202411,11,8.90,
Palangos m. sav.,Registruotas nedarbas  - bedarbių proc. nuo DAG,2024,202412,12,9.10,
Panevėžio m. sav.,Registruotas nedarbas  - bedarbių proc. nuo DAG,2024,202401,1,8.90,8.66
Panevėžio m. sav.,Registruotas nedarbas  - bedarbių proc. nuo DAG,2024,202402,2,8.90,
Panevėžio m. sav.,Registruotas nedarbas  - bedarbių proc. nuo DAG,2024,202403,3,9.10,
Panevėžio m. sav.,Registruotas nedarbas  - bedarbių proc. nuo DAG,2024,202404,4,8.40,
Panevėžio m. sav.,Registruotas nedarbas  - bedarbių proc. nuo DAG,2024,202405,5,8.20,
Panevėžio m. sav.,Registruotas nedarbas  - bedarbių proc. nuo DAG,2024,202406,6,8.50,
Panevėžio m. sav.,Registruotas nedarbas  - bedarbių proc. nuo DAG,2024,202407,7,8.60,
Panevėžio m. sav.,Registruotas nedarbas  - bedarbių proc. nuo DAG,2024,202408,8,8.50,
Panevėžio m. sav.,Registruotas nedarbas  - bedarbių proc. nuo DAG,2024,202409,9,8.60,
Panevėžio m. sav.,Registruotas nedarbas  - bedarbių proc. nuo DAG,2024,202410,10,8.40,
Panevėžio m. sav.,Registruotas nedarbas  - bedarbių proc. nuo DAG,2024,202411,11,8.60,
Panevėžio m. sav.,Registruotas nedarbas  - bedarbių proc. nuo DAG,2024,202412,12,9.20,
Panevėžio r. sav.,Registruotas nedarbas  - bedarbių proc. nuo DAG,2024,202401,1,8.80,8.53
Panevėžio r. sav.,Registruotas nedarbas  - bedarbių proc. nuo DAG,2024,202402,2,8.90,
Panevėžio r. sav.,Registruotas nedarbas  - bedarbių proc. nuo DAG,2024,202403,3,8.80,
Panevėžio r. sav.,Registruotas nedarbas  - bedarbių proc. nuo DAG,2024,202404,4,8.20,
Panevėžio r. sav.,Registruotas nedarbas  - bedarbių proc. nuo DAG,2024,202405,5,7.90,
Panevėžio r. sav.,Registruotas nedarbas  - bedarbių proc. nuo DAG,2024,202406,6,8.00,
Panevėžio r. sav.,Registruotas nedarbas  - bedarbių proc. nuo DAG,2024,202407,7,8.20,
Panevėžio r. sav.,Registruotas nedarbas  - bedarbių proc. nuo DAG,2024,202408,8,8.40,
Panevėžio r. sav.,Registruotas nedarbas  - bedarbių proc. nuo DAG,2024,202409,9,8.40,
Panevėžio r. sav.,Registruotas nedarbas  - bedarbių proc. nuo DAG,2024,202410,10,8.30,
Panevėžio r. sav.,Registruotas nedarbas  - bedarbių proc. nuo DAG,2024,202411,11,8.90,
Panevėžio r. sav.,Registruotas nedarbas  - bedarbių proc. nuo DAG,2024,202412,12,9.50,
Pasvalio r. sav.,Registruotas nedarbas  - bedarbių proc. nuo DAG,2024,202401,1,10.00,9.64
Pasvalio r. sav.,Registruotas nedarbas  - bedarbių proc. nuo DAG,2024,202402,2,10.20,
Pasvalio r. sav.,Registruotas nedarbas  - bedarbių proc. nuo DAG,2024,202403,3,10.30,
Pasvalio r. sav.,Registruotas nedarbas  - bedarbių proc. nuo DAG,2024,202404,4,9.30,
Pasvalio r. sav.,Registruotas nedarbas  - bedarbių proc. nuo DAG,2024,202405,5,9.10,
Pasvalio r. sav.,Registruotas nedarbas  - bedarbių proc. nuo DAG,2024,202406,6,9.20,
Pasvalio r. sav.,Registruotas nedarbas  - bedarbių proc. nuo DAG,2024,202407,7,9.00,
Pasvalio r. sav.,Registruotas nedarbas  - bedarbių proc. nuo DAG,2024,202408,8,9.20,
Pasvalio r. sav.,Registruotas nedarbas  - bedarbių proc. nuo DAG,2024,202409,9,9.60,
Pasvalio r. sav.,Registruotas nedarbas  - bedarbių proc. nuo DAG,2024,202410,10,9.30,
Pasvalio r. sav.,Registruotas nedarbas  - bedarbių proc. nuo DAG,2024,202411,11,10.00,
Pasvalio r. sav.,Registruotas nedarbas  - bedarbių proc. nuo DAG,2024,202412,12,10.50,
Plungės r. sav.,Registruotas nedarbas  - bedarbių proc. nuo DAG,2024,202401,1,9.80,8.65
Plungės r. sav.,Registruotas nedarbas  - bedarbių proc. nuo DAG,2024,202402,2,9.60,
Plungės r. sav.,Registruotas nedarbas  - bedarbių proc. nuo DAG,2024,202403,3,9.30,
Plungės r. sav.,Registruotas nedarbas  - bedarbių proc. nuo DAG,2024,202404,4,8.70,
Plungės r. sav.,Registruotas nedarbas  - bedarbių proc. nuo DAG,2024,202405,5,8.00,
Plungės r. sav.,Registruotas nedarbas  - bedarbių proc. nuo DAG,2024,202406,6,8.20,
Plungės r. sav.,Registruotas nedarbas  - bedarbių proc. nuo DAG,2024,202407,7,8.10,
Plungės r. sav.,Registruotas nedarbas  - bedarbių proc. nuo DAG,2024,202408,8,8.50,
Plungės r. sav.,Registruotas nedarbas  - bedarbių proc. nuo DAG,2024,202409,9,8.30,
Plungės r. sav.,Registruotas nedarbas  - bedarbių proc. nuo DAG,2024,202410,10,8.10,
Plungės r. sav.,Registruotas nedarbas  - bedarbių proc. nuo DAG,2024,202411,11,8.30,
Plungės r. sav.,Registruotas nedarbas  - bedarbių proc. nuo DAG,2024,202412,12,8.90,
Prienų r. sav.,Registruotas nedarbas  - bedarbių proc. nuo DAG,2024,202401,1,8.40,7.34
Prienų r. sav.,Registruotas nedarbas  - bedarbių proc. nuo DAG,2024,202402,2,8.60,
Prienų r. sav.,Registruotas nedarbas  - bedarbių proc. nuo DAG,2024,202403,3,8.10,
Prienų r. sav.,Registruotas nedarbas  - bedarbių proc. nuo DAG,2024,202404,4,7.30,
Prienų r. sav.,Registruotas nedarbas  - bedarbių proc. nuo DAG,2024,202405,5,6.80,
Prienų r. sav.,Registruotas nedarbas  - bedarbių proc. nuo DAG,2024,202406,6,6.80,
Prienų r. sav.,Registruotas nedarbas  - bedarbių proc. nuo DAG,2024,202407,7,6.70,
Prienų r. sav.,Registruotas nedarbas  - bedarbių proc. nuo DAG,2024,202408,8,6.90,
Prienų r. sav.,Registruotas nedarbas  - bedarbių proc. nuo DAG,2024,202409,9,6.70,
Prienų r. sav.,Registruotas nedarbas  - bedarbių proc. nuo DAG,2024,202410,10,7.00,
Prienų r. sav.,Registruotas nedarbas  - bedarbių proc. nuo DAG,2024,202411,11,7.30,
Prienų r. sav.,Registruotas nedarbas  - bedarbių proc. nuo DAG,2024,202412,12,7.50,
Radviliškio r. sav.,Registruotas nedarbas  - bedarbių proc. nuo DAG,2024,202401,1,11.10,10.04
Radviliškio r. sav.,Registruotas nedarbas  - bedarbių proc. nuo DAG,2024,202402,2,11.00,
Radviliškio r. sav.,Registruotas nedarbas  - bedarbių proc. nuo DAG,2024,202403,3,10.80,
Radviliškio r. sav.,Registruotas nedarbas  - bedarbių proc. nuo DAG,2024,202404,4,9.80,
Radviliškio r. sav.,Registruotas nedarbas  - bedarbių proc. nuo DAG,2024,202405,5,9.20,
Radviliškio r. sav.,Registruotas nedarbas  - bedarbių proc. nuo DAG,2024,202406,6,9.50,
Radviliškio r. sav.,Registruotas nedarbas  - bedarbių proc. nuo DAG,2024,202407,7,9.70,
Radviliškio r. sav.,Registruotas nedarbas  - bedarbių proc. nuo DAG,2024,202408,8,10.00,
Radviliškio r. sav.,Registruotas nedarbas  - bedarbių proc. nuo DAG,2024,202409,9,9.70,
Radviliškio r. sav.,Registruotas nedarbas  - bedarbių proc. nuo DAG,2024,202410,10,9.40,
Radviliškio r. sav.,Registruotas nedarbas  - bedarbių proc. nuo DAG,2024,202411,11,9.90,
Radviliškio r. sav.,Registruotas nedarbas  - bedarbių proc. nuo DAG,2024,202412,12,10.40,
Raseinių r. sav.,Registruotas nedarbas  - bedarbių proc. nuo DAG,2024,202401,1,10.90,10.27
Raseinių r. sav.,Registruotas nedarbas  - bedarbių proc. nuo DAG,2024,202402,2,11.10,
Raseinių r. sav.,Registruotas nedarbas  - bedarbių proc. nuo DAG,2024,202403,3,10.90,
Raseinių r. sav.,Registruotas nedarbas  - bedarbių proc. nuo DAG,2024,202404,4,10.10,
Raseinių r. sav.,Registruotas nedarbas  - bedarbių proc. nuo DAG,2024,202405,5,9.90,
Raseinių r. sav.,Registruotas nedarbas  - bedarbių proc. nuo DAG,2024,202406,6,10.10,
Raseinių r. sav.,Registruotas nedarbas  - bedarbių proc. nuo DAG,2024,202407,7,10.10,
Raseinių r. sav.,Registruotas nedarbas  - bedarbių proc. nuo DAG,2024,202408,8,10.30,
Raseinių r. sav.,Registruotas nedarbas  - bedarbių proc. nuo DAG,2024,202409,9,9.70,
Raseinių r. sav.,Registruotas nedarbas  - bedarbių proc. nuo DAG,2024,202410,10,9.50,
Raseinių r. sav.,Registruotas nedarbas  - bedarbių proc. nuo DAG,2024,202411,11,10.00,
Raseinių r. sav.,Registruotas nedarbas  - bedarbių proc. nuo DAG,2024,202412,12,10.60,
Rietavo sav.,Registruotas nedarbas  - bedarbių proc. nuo DAG,2024,202401,1,9.30,8.23
Rietavo sav.,Registruotas nedarbas  - bedarbių proc. nuo DAG,2024,202402,2,9.00,
Rietavo sav.,Registruotas nedarbas  - bedarbių proc. nuo DAG,2024,202403,3,8.90,
Rietavo sav.,Registruotas nedarbas  - bedarbių proc. nuo DAG,2024,202404,4,7.70,
Rietavo sav.,Registruotas nedarbas  - bedarbių proc. nuo DAG,2024,202405,5,7.30,
Rietavo sav.,Registruotas nedarbas  - bedarbių proc. nuo DAG,2024,202406,6,7.50,
Rietavo sav.,Registruotas nedarbas  - bedarbių proc. nuo DAG,2024,202407,7,7.80,
Rietavo sav.,Registruotas nedarbas  - bedarbių proc. nuo DAG,2024,202408,8,8.00,
Rietavo sav.,Registruotas nedarbas  - bedarbių proc. nuo DAG,2024,202409,9,8.20,
Rietavo sav.,Registruotas nedarbas  - bedarbių proc. nuo DAG,2024,202410,10,7.90,
Rietavo sav.,Registruotas nedarbas  - bedarbių proc. nuo DAG,2024,202411,11,8.30,
Rietavo sav.,Registruotas nedarbas  - bedarbių proc. nuo DAG,2024,202412,12,8.90,
Rokiškio r. sav.,Registruotas nedarbas  - bedarbių proc. nuo DAG,2024,202401,1,10.90,10.37
Rokiškio r. sav.,Registruotas nedarbas  - bedarbių proc. nuo DAG,2024,202402,2,11.00,
Rokiškio r. sav.,Registruotas nedarbas  - bedarbių proc. nuo DAG,2024,202403,3,11.10,
Rokiškio r. sav.,Registruotas nedarbas  - bedarbių proc. nuo DAG,2024,202404,4,10.00,
Rokiškio r. sav.,Registruotas nedarbas  - bedarbių proc. nuo DAG,2024,202405,5,9.50,
Rokiškio r. sav.,Registruotas nedarbas  - bedarbių proc. nuo DAG,2024,202406,6,10.30,
Rokiškio r. sav.,Registruotas nedarbas  - bedarbių proc. nuo DAG,2024,202407,7,10.00,
Rokiškio r. sav.,Registruotas nedarbas  - bedarbių proc. nuo DAG,2024,202408,8,10.40,
Rokiškio r. sav.,Registruotas nedarbas  - bedarbių proc. nuo DAG,2024,202409,9,10.20,
Rokiškio r. sav.,Registruotas nedarbas  - bedarbių proc. nuo DAG,2024,202410,10,9.90,
Rokiškio r. sav.,Registruotas nedarbas  - bedarbių proc. nuo DAG,2024,202411,11,10.40,
Rokiškio r. sav.,Registruotas nedarbas  - bedarbių proc. nuo DAG,2024,202412,12,10.70,
Šakių r. sav.,Registruotas nedarbas  - bedarbių proc. nuo DAG,2024,202401,1,7.80,7.20
Šakių r. sav.,Registruotas nedarbas  - bedarbių proc. nuo DAG,2024,202402,2,7.80,
Šakių r. sav.,Registruotas nedarbas  - bedarbių proc. nuo DAG,2024,202403,3,8.20,
Šakių r. sav.,Registruotas nedarbas  - bedarbių proc. nuo DAG,2024,202404,4,7.00,
Šakių r. sav.,Registruotas nedarbas  - bedarbių proc. nuo DAG,2024,202405,5,7.00,
Šakių r. sav.,Registruotas nedarbas  - bedarbių proc. nuo DAG,2024,202406,6,7.20,
Šakių r. sav.,Registruotas nedarbas  - bedarbių proc. nuo DAG,2024,202407,7,6.70,
Šakių r. sav.,Registruotas nedarbas  - bedarbių proc. nuo DAG,2024,202408,8,7.20,
Šakių r. sav.,Registruotas nedarbas  - bedarbių proc. nuo DAG,2024,202409,9,7.20,
Šakių r. sav.,Registruotas nedarbas  - bedarbių proc. nuo DAG,2024,202410,10,6.40,
Šakių r. sav.,Registruotas nedarbas  - bedarbių proc. nuo DAG,2024,202411,11,6.80,
Šakių r. sav.,Registruotas nedarbas  - bedarbių proc. nuo DAG,2024,202412,12,7.10,
Šalčininkų r. sav.,Registruotas nedarbas  - bedarbių proc. nuo DAG,2024,202401,1,11.60,10.03
Šalčininkų r. sav.,Registruotas nedarbas  - bedarbių proc. nuo DAG,2024,202402,2,11.60,
Šalčininkų r. sav.,Registruotas nedarbas  - bedarbių proc. nuo DAG,2024,202403,3,11.50,
Šalčininkų r. sav.,Registruotas nedarbas  - bedarbių proc. nuo DAG,2024,202404,4,10.00,
Šalčininkų r. sav.,Registruotas nedarbas  - bedarbių proc. nuo DAG,2024,202405,5,9.20,
Šalčininkų r. sav.,Registruotas nedarbas  - bedarbių proc. nuo DAG,2024,202406,6,9.80,
Šalčininkų r. sav.,Registruotas nedarbas  - bedarbių proc. nuo DAG,2024,202407,7,9.20,
Šalčininkų r. sav.,Registruotas nedarbas  - bedarbių proc. nuo DAG,2024,202408,8,9.50,
Šalčininkų r. sav.,Registruotas nedarbas  - bedarbių proc. nuo DAG,2024,202409,9,9.50,
Šalčininkų r. sav.,Registruotas nedarbas  - bedarbių proc. nuo DAG,2024,202410,10,8.90,
Šalčininkų r. sav.,Registruotas nedarbas  - bedarbių proc. nuo DAG,2024,202411,11,9.60,
Šalčininkų r. sav.,Registruotas nedarbas  - bedarbių proc. nuo DAG,2024,202412,12,10.00,
Šiaulių m. sav.,Registruotas nedarbas  - bedarbių proc. nuo DAG,2024,202401,1,7.50,7.14
Šiaulių m. sav.,Registruotas nedarbas  - bedarbių proc. nuo DAG,2024,202402,2,7.60,
Šiaulių m. sav.,Registruotas nedarbas  - bedarbių proc. nuo DAG,2024,202403,3,7.80,
Šiaulių m. sav.,Registruotas nedarbas  - bedarbių proc. nuo DAG,2024,202404,4,7.20,
Šiaulių m. sav.,Registruotas nedarbas  - bedarbių proc. nuo DAG,2024,202405,5,6.70,
Šiaulių m. sav.,Registruotas nedarbas  - bedarbių proc. nuo DAG,2024,202406,6,7.00,
Šiaulių m. sav.,Registruotas nedarbas  - bedarbių proc. nuo DAG,2024,202407,7,6.90,
Šiaulių m. sav.,Registruotas nedarbas  - bedarbių proc. nuo DAG,2024,202408,8,7.10,
Šiaulių m. sav.,Registruotas nedarbas  - bedarbių proc. nuo DAG,2024,202409,9,7.00,
Šiaulių m. sav.,Registruotas nedarbas  - bedarbių proc. nuo DAG,2024,202410,10,6.70,
Šiaulių m. sav.,Registruotas nedarbas  - bedarbių proc. nuo DAG,2024,202411,11,6.90,
Šiaulių m. sav.,Registruotas nedarbas  - bedarbių proc. nuo DAG,2024,202412,12,7.30,
Šiaulių r. sav.,Registruotas nedarbas  - bedarbių proc. nuo DAG,2024,202401,1,9.10,8.41
Šiaulių r. sav.,Registruotas nedarbas  - bedarbių proc. nuo DAG,2024,202402,2,9.10,
Šiaulių r. sav.,Registruotas nedarbas  - bedarbių proc. nuo DAG,2024,202403,3,9.10,
Šiaulių r. sav.,Registruotas nedarbas  - bedarbių proc. nuo DAG,2024,202404,4,8.20,
Šiaulių r. sav.,Registruotas nedarbas  - bedarbių proc. nuo DAG,2024,202405,5,7.80,
Šiaulių r. sav.,Registruotas nedarbas  - bedarbių proc. nuo DAG,2024,202406,6,8.10,
Šiaulių r. sav.,Registruotas nedarbas  - bedarbių proc. nuo DAG,2024,202407,7,8.20,
Šiaulių r. sav.,Registruotas nedarbas  - bedarbių proc. nuo DAG,2024,202408,8,8.30,
Šiaulių r. sav.,Registruotas nedarbas  - bedarbių proc. nuo DAG,2024,202409,9,8.30,
Šiaulių r. sav.,Registruotas nedarbas  - bedarbių proc. nuo DAG,2024,202410,10,8.00,
Šiaulių r. sav.,Registruotas nedarbas  - bedarbių proc. nuo DAG,2024,202411,11,8.10,
Šiaulių r. sav.,Registruotas nedarbas  - bedarbių proc. nuo DAG,2024,202412,12,8.60,
Šilalės r. sav.,Registruotas nedarbas  - bedarbių proc. nuo DAG,2024,202401,1,8.60,7.93
Šilalės r. sav.,Registruotas nedarbas  - bedarbių proc. nuo DAG,2024,202402,2,8.60,
Šilalės r. sav.,Registruotas nedarbas  - bedarbių proc. nuo DAG,2024,202403,3,8.40,
Šilalės r. sav.,Registruotas nedarbas  - bedarbių proc. nuo DAG,2024,202404,4,7.70,
Šilalės r. sav.,Registruotas nedarbas  - bedarbių proc. nuo DAG,2024,202405,5,7.40,
Šilalės r. sav.,Registruotas nedarbas  - bedarbių proc. nuo DAG,2024,202406,6,7.50,
Šilalės r. sav.,Registruotas nedarbas  - bedarbių proc. nuo DAG,2024,202407,7,7.40,
Šilalės r. sav.,Registruotas nedarbas  - bedarbių proc. nuo DAG,2024,202408,8,7.70,
Šilalės r. sav.,Registruotas nedarbas  - bedarbių proc. nuo DAG,2024,202409,9,7.50,
Šilalės r. sav.,Registruotas nedarbas  - bedarbių proc. nuo DAG,2024,202410,10,7.80,
Šilalės r. sav.,Registruotas nedarbas  - bedarbių proc. nuo DAG,2024,202411,11,8.10,
Šilalės r. sav.,Registruotas nedarbas  - bedarbių proc. nuo DAG,2024,202412,12,8.50,
Šilutės r. sav.,Registruotas nedarbas  - bedarbių proc. nuo DAG,2024,202401,1,10.20,8.73
Šilutės r. sav.,Registruotas nedarbas  - bedarbių proc. nuo DAG,2024,202402,2,10.30,
Šilutės r. sav.,Registruotas nedarbas  - bedarbių proc. nuo DAG,2024,202403,3,9.80,
Šilutės r. sav.,Registruotas nedarbas  - bedarbių proc. nuo DAG,2024,202404,4,8.70,
Šilutės r. sav.,Registruotas nedarbas  - bedarbių proc. nuo DAG,2024,202405,5,8.10,
Šilutės r. sav.,Registruotas nedarbas  - bedarbių proc. nuo DAG,2024,202406,6,8.00,
Šilutės r. sav.,Registruotas nedarbas  - bedarbių proc. nuo DAG,2024,202407,7,7.90,
Šilutės r. sav.,Registruotas nedarbas  - bedarbių proc. nuo DAG,2024,202408,8,8.30,
Šilutės r. sav.,Registruotas nedarbas  - bedarbių proc. nuo DAG,2024,202409,9,8.20,
Šilutės r. sav.,Registruotas nedarbas  - bedarbių proc. nuo DAG,2024,202410,10,8.00,
Šilutės r. sav.,Registruotas nedarbas  - bedarbių proc. nuo DAG,2024,202411,11,8.30,
Šilutės r. sav.,Registruotas nedarbas  - bedarbių proc. nuo DAG,2024,202412,12,8.90,
Širvintų r. sav.,Registruotas nedarbas  - bedarbių proc. nuo DAG,2024,202401,1,9.20,8.56
Širvintų r. sav.,Registruotas nedarbas  - bedarbių proc. nuo DAG,2024,202402,2,9.10,
Širvintų r. sav.,Registruotas nedarbas  - bedarbių proc. nuo DAG,2024,202403,3,9.00,
Širvintų r. sav.,Registruotas nedarbas  - bedarbių proc. nuo DAG,2024,202404,4,8.20,
Širvintų r. sav.,Registruotas nedarbas  - bedarbių proc. nuo DAG,2024,202405,5,8.00,
Širvintų r. sav.,Registruotas nedarbas  - bedarbių proc. nuo DAG,2024,202406,6,8.50,
Širvintų r. sav.,Registruotas nedarbas  - bedarbių proc. nuo DAG,2024,202407,7,8.40,
Širvintų r. sav.,Registruotas nedarbas  - bedarbių proc. nuo DAG,2024,202408,8,8.70,
Širvintų r. sav.,Registruotas nedarbas  - bedarbių proc. nuo DAG,2024,202409,9,8.30,
Širvintų r. sav.,Registruotas nedarbas  - bedarbių proc. nuo DAG,2024,202410,10,8.20,
Širvintų r. sav.,Registruotas nedarbas  - bedarbių proc. nuo DAG,2024,202411,11,8.30,
Širvintų r. sav.,Registruotas nedarbas  - bedarbių proc. nuo DAG,2024,202412,12,8.80,
Skuodo r. sav.,Registruotas nedarbas  - bedarbių proc. nuo DAG,2024,202401,1,7.40,6.40
Skuodo r. sav.,Registruotas nedarbas  - bedarbių proc. nuo DAG,2024,202402,2,7.50,
Skuodo r. sav.,Registruotas nedarbas  - bedarbių proc. nuo DAG,2024,202403,3,7.40,
Skuodo r. sav.,Registruotas nedarbas  - bedarbių proc. nuo DAG,2024,202404,4,6.30,
Skuodo r. sav.,Registruotas nedarbas  - bedarbių proc. nuo DAG,2024,202405,5,5.50,
Skuodo r. sav.,Registruotas nedarbas  - bedarbių proc. nuo DAG,2024,202406,6,5.50,
Skuodo r. sav.,Registruotas nedarbas  - bedarbių proc. nuo DAG,2024,202407,7,5.50,
Skuodo r. sav.,Registruotas nedarbas  - bedarbių proc. nuo DAG,2024,202408,8,5.80,
Skuodo r. sav.,Registruotas nedarbas  - bedarbių proc. nuo DAG,2024,202409,9,5.80,
Skuodo r. sav.,Registruotas nedarbas  - bedarbių proc. nuo DAG,2024,202410,10,6.10,
Skuodo r. sav.,Registruotas nedarbas  - bedarbių proc. nuo DAG,2024,202411,11,6.60,
Skuodo r. sav.,Registruotas nedarbas  - bedarbių proc. nuo DAG,2024,202412,12,7.40,
Švenčionių r. sav.,Registruotas nedarbas  - bedarbių proc. nuo DAG,2024,202401,1,9.40,9.06
Švenčionių r. sav.,Registruotas nedarbas  - bedarbių proc. nuo DAG,2024,202402,2,9.50,
Švenčionių r. sav.,Registruotas nedarbas  - bedarbių proc. nuo DAG,2024,202403,3,9.50,
Švenčionių r. sav.,Registruotas nedarbas  - bedarbių proc. nuo DAG,2024,202404,4,8.40,
Švenčionių r. sav.,Registruotas nedarbas  - bedarbių proc. nuo DAG,2024,202405,5,8.40,
Švenčionių r. sav.,Registruotas nedarbas  - bedarbių proc. nuo DAG,2024,202406,6,9.10,
Švenčionių r. sav.,Registruotas nedarbas  - bedarbių proc. nuo DAG,2024,202407,7,8.70,
Švenčionių r. sav.,Registruotas nedarbas  - bedarbių proc. nuo DAG,2024,202408,8,9.20,
Švenčionių r. sav.,Registruotas nedarbas  - bedarbių proc. nuo DAG,2024,202409,9,9.00,
Švenčionių r. sav.,Registruotas nedarbas  - bedarbių proc. nuo DAG,2024,202410,10,8.70,
Švenčionių r. sav.,Registruotas nedarbas  - bedarbių proc. nuo DAG,2024,202411,11,9.40,
Švenčionių r. sav.,Registruotas nedarbas  - bedarbių proc. nuo DAG,2024,202412,12,9.40,
Tauragės r. sav.,Registruotas nedarbas  - bedarbių proc. nuo DAG,2024,202401,1,9.50,8.95
Tauragės r. sav.,Registruotas nedarbas  - bedarbių proc. nuo DAG,2024,202402,2,9.50,
Tauragės r. sav.,Registruotas nedarbas  - bedarbių proc. nuo DAG,2024,202403,3,9.50,
Tauragės r. sav.,Registruotas nedarbas  - bedarbių proc. nuo DAG,2024,202404,4,8.60,
Tauragės r. sav.,Registruotas nedarbas  - bedarbių proc. nuo DAG,2024,202405,5,8.20,
Tauragės r. sav.,Registruotas nedarbas  - bedarbių proc. nuo DAG,2024,202406,6,8.70,
Tauragės r. sav.,Registruotas nedarbas  - bedarbių proc. nuo DAG,2024,202407,7,8.40,
Tauragės r. sav.,Registruotas nedarbas  - bedarbių proc. nuo DAG,2024,202408,8,8.70,
Tauragės r. sav.,Registruotas nedarbas  - bedarbių proc. nuo DAG,2024,202409,9,8.90,
Tauragės r. sav.,Registruotas nedarbas  - bedarbių proc. nuo DAG,2024,202410,10,8.70,
Tauragės r. sav.,Registruotas nedarbas  - bedarbių proc. nuo DAG,2024,202411,11,9.10,
Tauragės r. sav.,Registruotas nedarbas  - bedarbių proc. nuo DAG,2024,202412,12,9.60,
Telšių r. sav.,Registruotas nedarbas  - bedarbių proc. nuo DAG,2024,202401,1,9.60,8.29
Telšių r. sav.,Registruotas nedarbas  - bedarbių proc. nuo DAG,2024,202402,2,9.50,
Telšių r. sav.,Registruotas nedarbas  - bedarbių proc. nuo DAG,2024,202403,3,9.10,
Telšių r. sav.,Registruotas nedarbas  - bedarbių proc. nuo DAG,2024,202404,4,8.20,
Telšių r. sav.,Registruotas nedarbas  - bedarbių proc. nuo DAG,2024,202405,5,7.70,
Telšių r. sav.,Registruotas nedarbas  - bedarbių proc. nuo DAG,2024,202406,6,7.50,
Telšių r. sav.,Registruotas nedarbas  - bedarbių proc. nuo DAG,2024,202407,7,7.80,
Telšių r. sav.,Registruotas nedarbas  - bedarbių proc. nuo DAG,2024,202408,8,7.90,
Telšių r. sav.,Registruotas nedarbas  - bedarbių proc. nuo DAG,2024,202409,9,7.80,
Telšių r. sav.,Registruotas nedarbas  - bedarbių proc. nuo DAG,2024,202410,10,7.50,
Telšių r. sav.,Registruotas nedarbas  - bedarbių proc. nuo DAG,2024,202411,11,8.00,
Telšių r. sav.,Registruotas nedarbas  - bedarbių proc. nuo DAG,2024,202412,12,8.90,
Trakų r. sav.,Registruotas nedarbas  - bedarbių proc. nuo DAG,2024,202401,1,8.90,8.36
Trakų r. sav.,Registruotas nedarbas  - bedarbių proc. nuo DAG,2024,202402,2,8.80,
Trakų r. sav.,Registruotas nedarbas  - bedarbių proc. nuo DAG,2024,202403,3,8.90,
Trakų r. sav.,Registruotas nedarbas  - bedarbių proc. nuo DAG,2024,202404,4,8.10,
Trakų r. sav.,Registruotas nedarbas  - bedarbių proc. nuo DAG,2024,202405,5,7.60,
Trakų r. sav.,Registruotas nedarbas  - bedarbių proc. nuo DAG,2024,202406,6,8.20,
Trakų r. sav.,Registruotas nedarbas  - bedarbių proc. nuo DAG,2024,202407,7,8.30,
Trakų r. sav.,Registruotas nedarbas  - bedarbių proc. nuo DAG,2024,202408,8,8.40,
Trakų r. sav.,Registruotas nedarbas  - bedarbių proc. nuo DAG,2024,202409,9,8.30,
Trakų r. sav.,Registruotas nedarbas  - bedarbių proc. nuo DAG,2024,202410,10,8.20,
Trakų r. sav.,Registruotas nedarbas  - bedarbių proc. nuo DAG,2024,202411,11,8.20,
Trakų r. sav.,Registruotas nedarbas  - bedarbių proc. nuo DAG,2024,202412,12,8.40,
Ukmergės r. sav.,Registruotas nedarbas  - bedarbių proc. nuo DAG,2024,202401,1,11.40,9.84
Ukmergės r. sav.,Registruotas nedarbas  - bedarbių proc. nuo DAG,2024,202402,2,11.40,
Ukmergės r. sav.,Registruotas nedarbas  - bedarbių proc. nuo DAG,2024,202403,3,11.00,
Ukmergės r. sav.,Registruotas nedarbas  - bedarbių proc. nuo DAG,2024,202404,4,9.90,
Ukmergės r. sav.,Registruotas nedarbas  - bedarbių proc. nuo DAG,2024,202405,5,9.10,
Ukmergės r. sav.,Registruotas nedarbas  - bedarbių proc. nuo DAG,2024,202406,6,9.30,
Ukmergės r. sav.,Registruotas nedarbas  - bedarbių proc. nuo DAG,2024,202407,7,9.20,
Ukmergės r. sav.,Registruotas nedarbas  - bedarbių proc. nuo DAG,2024,202408,8,9.40,
Ukmergės r. sav.,Registruotas nedarbas  - bedarbių proc. nuo DAG,2024,202409,9,9.30,
Ukmergės r. sav.,Registruotas nedarbas  - bedarbių proc. nuo DAG,2024,202410,10,9.00,
Ukmergės r. sav.,Registruotas nedarbas  - bedarbių proc. nuo DAG,2024,202411,11,9.20,
Ukmergės r. sav.,Registruotas nedarbas  - bedarbių proc. nuo DAG,2024,202412,12,9.90,
Utenos r. sav.,Registruotas nedarbas  - bedarbių proc. nuo DAG,2024,202401,1,7.70,6.93
Utenos r. sav.,Registruotas nedarbas  - bedarbių proc. nuo DAG,2024,202402,2,7.80,
Utenos r. sav.,Registruotas nedarbas  - bedarbių proc. nuo DAG,2024,202403,3,7.50,
Utenos r. sav.,Registruotas nedarbas  - bedarbių proc. nuo DAG,2024,202404,4,6.80,
Utenos r. sav.,Registruotas nedarbas  - bedarbių proc. nuo DAG,2024,202405,5,6.00,
Utenos r. sav.,Registruotas nedarbas  - bedarbių proc. nuo DAG,2024,202406,6,6.40,
Utenos r. sav.,Registruotas nedarbas  - bedarbių proc. nuo DAG,2024,202407,7,6.50,
Utenos r. sav.,Registruotas nedarbas  - bedarbių proc. nuo DAG,2024,202408,8,6.90,
Utenos r. sav.,Registruotas nedarbas  - bedarbių proc. nuo DAG,2024,202409,9,7.00,
Utenos r. sav.,Registruotas nedarbas  - bedarbių proc. nuo DAG,2024,202410,10,6.70,
Utenos r. sav.,Registruotas nedarbas  - bedarbių proc. nuo DAG,2024,202411,11,6.70,
Utenos r. sav.,Registruotas nedarbas  - bedarbių proc. nuo DAG,2024,202412,12,7.10,
Varėnos r. sav.,Registruotas nedarbas  - bedarbių proc. nuo DAG,2024,202401,1,9.60,8.60
Varėnos r. sav.,Registruotas nedarbas  - bedarbių proc. nuo DAG,2024,202402,2,9.60,
Varėnos r. sav.,Registruotas nedarbas  - bedarbių proc. nuo DAG,2024,202403,3,9.10,
Varėnos r. sav.,Registruotas nedarbas  - bedarbių proc. nuo DAG,2024,202404,4,8.50,
Varėnos r. sav.,Registruotas nedarbas  - bedarbių proc. nuo DAG,2024,202405,5,8.30,
Varėnos r. sav.,Registruotas nedarbas  - bedarbių proc. nuo DAG,2024,202406,6,8.50,
Varėnos r. sav.,Registruotas nedarbas  - bedarbių proc. nuo DAG,2024,202407,7,8.40,
Varėnos r. sav.,Registruotas nedarbas  - bedarbių proc. nuo DAG,2024,202408,8,8.50,
Varėnos r. sav.,Registruotas nedarbas  - bedarbių proc. nuo DAG,2024,202409,9,8.30,
Varėnos r. sav.,Registruotas nedarbas  - bedarbių proc. nuo DAG,2024,202410,10,8.00,
Varėnos r. sav.,Registruotas nedarbas  - bedarbių proc. nuo DAG,2024,202411,11,7.90,
Varėnos r. sav.,Registruotas nedarbas  - bedarbių proc. nuo DAG,2024,202412,12,8.50,
Vilkaviškio r. sav.,Registruotas nedarbas  - bedarbių proc. nuo DAG,2024,202401,1,10.90,9.87
Vilkaviškio r. sav.,Registruotas nedarbas  - bedarbių proc. nuo DAG,2024,202402,2,10.80,
Vilkaviškio r. sav.,Registruotas nedarbas  - bedarbių proc. nuo DAG,2024,202403,3,11.00,
Vilkaviškio r. sav.,Registruotas nedarbas  - bedarbių proc. nuo DAG,2024,202404,4,9.70,
Vilkaviškio r. sav.,Registruotas nedarbas  - bedarbių proc. nuo DAG,2024,202405,5,9.30,
Vilkaviškio r. sav.,Registruotas nedarbas  - bedarbių proc. nuo DAG,2024,202406,6,9.50,
Vilkaviškio r. sav.,Registruotas nedarbas  - bedarbių proc. nuo DAG,2024,202407,7,9.20,
Vilkaviškio r. sav.,Registruotas nedarbas  - bedarbių proc. nuo DAG,2024,202408,8,9.60,
Vilkaviškio r. sav.,Registruotas nedarbas  - bedarbių proc. nuo DAG,2024,202409,9,9.70,
Vilkaviškio r. sav.,Registruotas nedarbas  - bedarbių proc. nuo DAG,2024,202410,10,9.10,
Vilkaviškio r. sav.,Registruotas nedarbas  - bedarbių proc. nuo DAG,2024,202411,11,9.60,
Vilkaviškio r. sav.,Registruotas nedarbas  - bedarbių proc. nuo DAG,2024,202412,12,10.00,
Vilniaus m. sav.,Registruotas nedarbas  - bedarbių proc. nuo DAG,2024,202401,1,8.70,8.60
Vilniaus m. sav.,Registruotas nedarbas  - bedarbių proc. nuo DAG,2024,202402,2,8.60,
Vilniaus m. sav.,Registruotas nedarbas  - bedarbių proc. nuo DAG,2024,202403,3,8.80,
Vilniaus m. sav.,Registruotas nedarbas  - bedarbių proc. nuo DAG,2024,202404,4,8.40,
Vilniaus m. sav.,Registruotas nedarbas  - bedarbių proc. nuo DAG,2024,202405,5,8.10,
Vilniaus m. sav.,Registruotas nedarbas  - bedarbių proc. nuo DAG,2024,202406,6,8.50,
Vilniaus m. sav.,Registruotas nedarbas  - bedarbių proc. nuo DAG,2024,202407,7,8.70,
Vilniaus m. sav.,Registruotas nedarbas  - bedarbių proc. nuo DAG,2024,202408,8,8.90,
Vilniaus m. sav.,Registruotas nedarbas  - bedarbių proc. nuo DAG,2024,202409,9,8.70,
Vilniaus m. sav.,Registruotas nedarbas  - bedarbių proc. nuo DAG,2024,202410,10,8.40,
Vilniaus m. sav.,Registruotas nedarbas  - bedarbių proc. nuo DAG,2024,202411,11,8.60,
Vilniaus m. sav.,Registruotas nedarbas  - bedarbių proc. nuo DAG,2024,202412,12,8.80,
Vilniaus r. sav.,Registruotas nedarbas  - bedarbių proc. nuo DAG,2024,202401,1,9.00,8.67
Vilniaus r. sav.,Registruotas nedarbas  - bedarbių proc. nuo DAG,2024,202402,2,9.00,
Vilniaus r. sav.,Registruotas nedarbas  - bedarbių proc. nuo DAG,2024,202403,3,9.20,
Vilniaus r. sav.,Registruotas nedarbas  - bedarbių proc. nuo DAG,2024,202404,4,8.40,
Vilniaus r. sav.,Registruotas nedarbas  - bedarbių proc. nuo DAG,2024,202405,5,8.00,
Vilniaus r. sav.,Registruotas nedarbas  - bedarbių proc. nuo DAG,2024,202406,6,8.60,
Vilniaus r. sav.,Registruotas nedarbas  - bedarbių proc. nuo DAG,2024,202407,7,8.60,
Vilniaus r. sav.,Registruotas nedarbas  - bedarbių proc. nuo DAG,2024,202408,8,8.90,
Vilniaus r. sav.,Registruotas nedarbas  - bedarbių proc. nuo DAG,2024,202409,9,8.70,
Vilniaus r. sav.,Registruotas nedarbas  - bedarbių proc. nuo DAG,2024,202410,10,8.20,
Vilniaus r. sav.,Registruotas nedarbas  - bedarbių proc. nuo DAG,2024,202411,11,8.60,
Vilniaus r. sav.,Registruotas nedarbas  - bedarbių proc. nuo DAG,2024,202412,12,8.80,
Visagino sav.,Registruotas nedarbas  - bedarbių proc. nuo DAG,2024,202401,1,10.40,9.70
Visagino sav.,Registruotas nedarbas  - bedarbių proc. nuo DAG,2024,202402,2,10.20,
Visagino sav.,Registruotas nedarbas  - bedarbių proc. nuo DAG,2024,202403,3,10.40,
Visagino sav.,Registruotas nedarbas  - bedarbių proc. nuo DAG,2024,202404,4,9.90,
Visagino sav.,Registruotas nedarbas  - bedarbių proc. nuo DAG,2024,202405,5,9.20,
Visagino sav.,Registruotas nedarbas  - bedarbių proc. nuo DAG,2024,202406,6,9.20,
Visagino sav.,Registruotas nedarbas  - bedarbių proc. nuo DAG,2024,202407,7,9.20,
Visagino sav.,Registruotas nedarbas  - bedarbių proc. nuo DAG,2024,202408,8,9.60,
Visagino sav.,Registruotas nedarbas  - bedarbių proc. nuo DAG,2024,202409,9,9.30,
Visagino sav.,Registruotas nedarbas  - bedarbių proc. nuo DAG,2024,202410,10,9.10,
Visagino sav.,Registruotas nedarbas  - bedarbių proc. nuo DAG,2024,202411,11,9.80,
Visagino sav.,Registruotas nedarbas  - bedarbių proc. nuo DAG,2024,202412,12,10.10,
Zarasų r. sav.,Registruotas nedarbas  - bedarbių proc. nuo DAG,2024,202401,1,11.50,10.63
Zarasų r. sav.,Registruotas nedarbas  - bedarbių proc. nuo DAG,2024,202402,2,11.50,
Zarasų r. sav.,Registruotas nedarbas  - bedarbių proc. nuo DAG,2024,202403,3,11.50,
Zarasų r. sav.,Registruotas nedarbas  - bedarbių proc. nuo DAG,2024,202404,4,10.90,
Zarasų r. sav.,Registruotas nedarbas  - bedarbių proc. nuo DAG,2024,202405,5,10.30,
Zarasų r. sav.,Registruotas nedarbas  - bedarbių proc. nuo DAG,2024,202406,6,10.40,
Zarasų r. sav.,Registruotas nedarbas  - bedarbių proc. nuo DAG,2024,202407,7,10.20,
Zarasų r. sav.,Registruotas nedarbas  - bedarbių proc. nuo DAG,2024,202408,8,10.80,
Zarasų r. sav.,Registruotas nedarbas  - bedarbių proc. nuo DAG,2024,202409,9,10.50,
Zarasų r. sav.,Registruotas nedarbas  - bedarbių proc. nuo DAG,2024,202410,10,9.80,
Zarasų r. sav.,Registruotas nedarbas  - bedarbių proc. nuo DAG,2024,202411,11,9.90,
Zarasų r. sav.,Registruotas nedarbas  - bedarbių proc. nuo DAG,2024,202412,12,10.20,
